客户名称,详细地址,年龄,客户购买产品,客户备注,客户阶段,客户电话,其他电话
101,山西,,,,,13874522300,
102,山西,,,,,13874522301,
103,山西,,,,,13874522302,
104,山西,,,,,13874522303,
105,山西,,,,,13874522304,
106,山西,,,,,13874522305,
107,山西,,,,,13874522306,
108,山西,,,,,13874522307,
109,山西,,,,,13874522308,
110,山西,,,,,13874522309,
111,山西,,,,,13874522310,
112,山西,,,,,13874522311,
113,山西,,,,,13874522312,
114,山西,,,,,13874522313,
115,山西,,,,,13874522314,
116,山西,,,,,13874522315,
117,山西,,,,,13874522316,
118,山西,,,,,13874522317,
119,山西,,,,,13874522318,
120,山西,,,,,13874522319,
121,山西,,,,,13874522320,
122,山西,,,,,13874522321,
123,山西,,,,,13874522322,
124,山西,,,,,13874522323,
125,山西,,,,,13874522324,
126,山西,,,,,13874522325,
127,山西,,,,,13874522326,
128,山西,,,,,13874522327,
129,山西,,,,,13874522328,
130,山西,,,,,13874522329,
131,山西,,,,,13874522330,
132,山西,,,,,13874522331,
133,山西,,,,,13874522332,
134,山西,,,,,13874522333,
135,山西,,,,,13874522334,
136,山西,,,,,13874522335,
137,山西,,,,,13874522336,
138,山西,,,,,13874522337,
139,山西,,,,,13874522338,
140,山西,,,,,13874522339,
141,山西,,,,,13874522340,
142,山西,,,,,13874522341,
143,山西,,,,,13874522342,
144,山西,,,,,13874522343,
145,山西,,,,,13874522344,
146,山西,,,,,13874522345,
147,山西,,,,,13874522346,
148,山西,,,,,13874522347,
149,山西,,,,,13874522348,
150,山西,,,,,13874522349,
151,山西,,,,,13874522350,
152,山西,,,,,13874522351,
153,山西,,,,,13874522352,
154,山西,,,,,13874522353,
155,山西,,,,,13874522354,
156,山西,,,,,13874522355,
157,山西,,,,,13874522356,
158,山西,,,,,13874522357,
159,山西,,,,,13874522358,
160,山西,,,,,13874522359,
161,山西,,,,,13874522360,
162,山西,,,,,13874522361,
163,山西,,,,,13874522362,
164,山西,,,,,13874522363,
165,山西,,,,,13874522364,
166,山西,,,,,13874522365,
167,山西,,,,,13874522366,
168,山西,,,,,13874522367,
169,山西,,,,,13874522368,
170,山西,,,,,13874522369,
171,山西,,,,,13874522370,
172,山西,,,,,13874522371,
173,山西,,,,,13874522372,
174,山西,,,,,13874522373,
175,山西,,,,,13874522374,
176,山西,,,,,13874522375,
177,山西,,,,,13874522376,
178,山西,,,,,13874522377,
179,山西,,,,,13874522378,
180,山西,,,,,13874522379,
181,山西,,,,,13874522380,
182,山西,,,,,13874522381,
183,山西,,,,,13874522382,
184,山西,,,,,13874522383,
185,山西,,,,,13874522384,
186,山西,,,,,13874522385,
187,山西,,,,,13874522386,
188,山西,,,,,13874522387,
189,山西,,,,,13874522388,
190,山西,,,,,13874522389,
191,山西,,,,,13874522390,
192,山西,,,,,13874522391,
193,山西,,,,,13874522392,
194,山西,,,,,13874522393,
195,山西,,,,,13874522394,
196,山西,,,,,13874522395,
197,山西,,,,,13874522396,
198,山西,,,,,13874522397,
199,山西,,,,,13874522398,
,山西,,,,,13874522399,
,山西,,,,,13874522400,
,山西,,,,,13874522401,
,山西,,,,,13874522402,
,山西,,,,,13874522403,
,山西,,,,,13874522404,
,山西,,,,,13874522405,
,山西,,,,,13874522406,
,山西,,,,,13874522407,
,山西,,,,,13874522408,
,山西,,,,,13874522409,
,山西,,,,,13874522410,
,山西,,,,,13874522411,
,山西,,,,,13874522412,
,山西,,,,,13874522413,
,山西,,,,,13874522414,
,山西,,,,,13874522415,
,山西,,,,,13874522416,
,山西,,,,,13874522417,
,山西,,,,,13874522418,
,山西,,,,,13874522419,
,山西,,,,,13874522420,
,山西,,,,,13874522421,
,山西,,,,,13874522422,
,山西,,,,,13874522423,
,山西,,,,,13874522424,
,山西,,,,,13874522425,
,山西,,,,,13874522426,
,山西,,,,,13874522427,
,山西,,,,,13874522428,
,山西,,,,,13874522429,
,山西,,,,,13874522430,
,山西,,,,,13874522431,
,山西,,,,,13874522432,
,山西,,,,,13874522433,
,山西,,,,,13874522434,
,山西,,,,,13874522435,
,山西,,,,,13874522436,
,山西,,,,,13874522437,
,山西,,,,,13874522438,
,山西,,,,,13874522439,
,山西,,,,,13874522440,
,山西,,,,,13874522441,
,山西,,,,,13874522442,
,山西,,,,,13874522443,
,山西,,,,,13874522444,
,山西,,,,,13874522445,
,山西,,,,,13874522446,
,山西,,,,,13874522447,
,山西,,,,,13874522448,
,山西,,,,,13874522449,
,山西,,,,,13874522450,
,山西,,,,,13874522451,
,山西,,,,,13874522452,
,山西,,,,,13874522453,
,山西,,,,,13874522454,
,山西,,,,,13874522455,
,山西,,,,,13874522456,
,山西,,,,,13874522457,
,山西,,,,,13874522458,
,山西,,,,,13874522459,
,山西,,,,,13874522460,
,山西,,,,,13874522461,
,山西,,,,,13874522462,
,山西,,,,,13874522463,
,山西,,,,,13874522464,
,山西,,,,,13874522465,
,山西,,,,,13874522466,
,山西,,,,,13874522467,
,山西,,,,,13874522468,
,山西,,,,,13874522469,
,山西,,,,,13874522470,
,山西,,,,,13874522471,
,山西,,,,,13874522472,
,山西,,,,,13874522473,
,山西,,,,,13874522474,
,山西,,,,,13874522475,
,山西,,,,,13874522476,
,山西,,,,,13874522477,
